Workbook

Sheet Αρχική Λίστα
A1: ΠΑΝΕΛΛΗΝΙΟ ΠΡΩΤΑΘΛΗΜΑ ΒΕΑCH VOLLEY 20YY TOURNAMENT DD-DD MONTH START LIST GENDER
A2: Θέση | B2: Ομάδα | C2: POINTS | F2: Θέση | G2: Ομάδα | H2: POINTS
A3: 1 | F3: 1
A4: 2 | F4: 2
A5: 3 | F5: 3
A6: 4 | F6: 4
A7: 5 | F7: 5
A8: 6 | F8: 6
A9: 7 | F9: 7
A10: 8 | F10: 8
A11: 9 | F11: 9
A12: 10 | F12: 10
A13: 11 | F13: 11
A14: 12 | F14: 12

Sheet Αποτελεσματα
A1: ΠΑΝΕΛΛΗΝΙΟ ΠΡΩΤΑΘΛΗΜΑ ΒΕΑCH VOLLEY 20YY TOURNAMENT DD-DD MONTH RESULTS GENDER
A2: Match Number | B2: Round | C2: Date | D2: Time | E2: Court | F2: Team 1 | G2: vs | H2: Team 2 | I2: Set | L2: Points | M2: Duration
A3: 1 | B3: I | F3: =IF('Αρχική Λίστα'!$B$10="",CONCATENATE("Ομάδα Νο",'Αρχική Λίστα'!$A$10),'Αρχική Λίστα'!$B$10) -> Ομάδα Νο8 | G3: vs | H3: =IF('Αρχική Λίστα'!$B$11="",CONCATENATE("Ομάδα Νο",'Αρχική Λίστα'!$A$11),'Αρχική Λίστα'!$B$11) -> Ομάδα Νο9 | J3: -
A4: 2 | B4: I | F4: =IF('Αρχική Λίστα'!$B$7="",CONCATENATE("Ομάδα Νο",'Αρχική Λίστα'!$A$7),'Αρχική Λίστα'!$B$7) -> Ομάδα Νο5 | G4: vs | H4: =IF('Αρχική Λίστα'!$B$14="",CONCATENATE("Ομάδα Νο",'Αρχική Λίστα'!$A$14),'Αρχική Λίστα'!$B$14) -> Ομάδα Νο12 | J4: -
A5: 3 | B5: I | F5: =IF('Αρχική Λίστα'!$B$8="",CONCATENATE("Ομάδα Νο",'Αρχική Λίστα'!$A$8),'Αρχική Λίστα'!$B$8) -> Ομάδα Νο6 | G5: vs | H5: =IF('Αρχική Λίστα'!$B$13="",CONCATENATE("Ομάδα Νο",'Αρχική Λίστα'!$A$13),'Αρχική Λίστα'!$B$13) -> Ομάδα Νο11 | J5: -
A6: 4 | B6: I | F6: =IF('Αρχική Λίστα'!$B$9="",CONCATENATE("Ομάδα Νο",'Αρχική Λίστα'!$A$9),'Αρχική Λίστα'!$B$9) -> Ομάδα Νο7 | G6: vs | H6: =IF('Αρχική Λίστα'!$B$12="",CONCATENATE("Ομάδα Νο",'Αρχική Λίστα'!$A$12),'Αρχική Λίστα'!$B$12) -> Ομάδα Νο10 | J6: -
A7: 5 | B7: II | F7: =IF('Αρχική Λίστα'!$B$3="",CONCATENATE("Ομάδα Νο",'Αρχική Λίστα'!$A$3),'Αρχική Λίστα'!$B$3) -> Ομάδα Νο1 | G7: vs | H7: =IF($I$3=$K$3,CONCATENATE("Νικητής Αγώνα Νο",$A$3),IF($I$3>$K$3,$F$3,$H$3)) -> Νικητής Αγώνα Νο1 | J7: -
A8: 6 | B8: II | F8: =IF('Αρχική Λίστα'!$B$6="",CONCATENATE("Ομάδα Νο",'Αρχική Λίστα'!$A$6),'Αρχική Λίστα'!$B$6) -> Ομάδα Νο4 | G8: vs | H8: =IF($I$4=$K$4,CONCATENATE("Νικητής Αγώνα Νο",$A$4),IF($I$4>$K$4,$F$4,$H$4)) -> Νικητής Αγώνα Νο2 | J8: -
A9: 7 | B9: II | F9: =IF('Αρχική Λίστα'!$B$5="",CONCATENATE("Ομάδα Νο",'Αρχική Λίστα'!$A$5),'Αρχική Λίστα'!$B$5) -> Ομάδα Νο3 | G9: vs | H9: =IF($I$5=$K$5,CONCATENATE("Νικητής Αγώνα Νο",$A$5),IF($I$5>$K$5,$F$5,$H$5)) -> Νικητής Αγώνα Νο3 | J9: -
A10: 8 | B10: II | F10: =IF('Αρχική Λίστα'!$B$4="",CONCATENATE("Ομάδα Νο",'Αρχική Λίστα'!$A$4),'Αρχική Λίστα'!$B$4) -> Ομάδα Νο2 | G10: vs | H10: =IF($I$6=$K$6,CONCATENATE("Νικητής Αγώνα Νο",$A$6),IF($I$6>$K$6,$F$6,$H$6)) -> Νικητής Αγώνα Νο4 | J10: -
A11: 9 | B11: 9 | F11: =IF($I$6=$K$6,CONCATENATE("Ηττημένος Αγώνα Νο",$A$6),IF($I$6<$K$6,$F$6,$H$6)) -> Ηττημένος Αγώνα Νο4 | G11: vs | H11: =IF($I$7=$K$7,CONCATENATE("Ηττημένος Αγώνα Νο",$A$7),IF($I$7<$K$7,$F$7,$H$7)) -> Ηττημένος Αγώνα Νο5 | J11: -
A12: 10 | B12: 9 | F12: =IF($I$5=$K$5,CONCATENATE("Ηττημένος Αγώνα Νο",$A$5),IF($I$5<$K$5,$F$5,$H$5)) -> Ηττημένος Αγώνα Νο3 | G12: vs | H12: =IF($I$8=$K$8,CONCATENATE("Ηττημένος Αγώνα Νο",$A$8),IF($I$8<$K$8,$F$8,$H$8)) -> Ηττημένος Αγώνα Νο6 | J12: -
A13: 11 | B13: 9 | F13: =IF($I$4=$K$4,CONCATENATE("Ηττημένος Αγώνα Νο",$A$4),IF($I$4<$K$4,$F$4,$H$4)) -> Ηττημένος Αγώνα Νο2 | G13: vs | H13: =IF($I$9=$K$9,CONCATENATE("Ηττημένος Αγώνα Νο",$A$9),IF($I$9<$K$9,$F$9,$H$9)) -> Ηττημένος Αγώνα Νο7 | J13: -
A14: 12 | B14: 9 | F14: =IF($I$3=$K$3,CONCATENATE("Ηττημένος Αγώνα Νο",$A$3),IF($I$3<$K$3,$F$3,$H$3)) -> Ηττημένος Αγώνα Νο1 | G14: vs | H14: =IF($I$10=$K$10,CONCATENATE("Ηττημένος Αγώνα Νο",$A$10),IF($I$10<$K$10,$F$10,$H$10)) -> Ηττημένος Αγώνα Νο8 | J14: -
A15: 13 | B15: III | F15: =IF($I$7=$K$7,CONCATENATE("Νικητής Αγώνα Νο",$A$7),IF($I$7>$K$7,$F$7,$H$7)) -> Νικητής Αγώνα Νο5 | G15: vs | H15: =IF($I$8=$K$8,CONCATENATE("Νικητής Αγώνα Νο",$A$8),IF($I$8>$K$8,$F$8,$H$8)) -> Νικητής Αγώνα Νο6 | J15: -
A16: 14 | B16: III | F16: =IF($I$9=$K$9,CONCATENATE("Νικητής Αγώνα Νο",$A$9),IF($I$9>$K$9,$F$9,$H$9)) -> Νικητής Αγώνα Νο7 | G16: vs | H16: =IF($I$10=$K$10,CONCATENATE("Νικητής Αγώνα Νο",$A$10),IF($I$10>$K$10,$F$10,$H$10)) -> Νικητής Αγώνα Νο8 | J16: -
A17: 15 | B17: 7 | F17: =IF($I$11=$K$11,CONCATENATE("Νικητής Αγώνα Νο",$A$11),IF($I$11>$K$11,$F$11,$H$11)) -> Νικητής Αγώνα Νο9 | G17: vs | H17: =IF($I$12=$K$12,CONCATENATE("Νικητής Αγώνα Νο",$A$12),IF($I$12>$K$12,$F$12,$H$12)) -> Νικητής Αγώνα Νο10 | J17: -
A18: 16 | B18: 7 | F18: =IF($I$13=$K$13,CONCATENATE("Νικητής Αγώνα Νο",$A$13),IF($I$13>$K$13,$F$13,$H$13)) -> Νικητής Αγώνα Νο11 | G18: vs | H18: =IF($I$14=$K$14,CONCATENATE("Νικητής Αγώνα Νο",$A$14),IF($I$14>$K$14,$F$14,$H$14)) -> Νικητής Αγώνα Νο12 | J18: -
A19: 17 | B19: 5 | F19: =IF($I$17=$K$17,CONCATENATE("Νικητής Αγώνα Νο",$A$17),IF($I$17>$K$17,$F$17,$H$17)) -> Νικητής Αγώνα Νο15 | G19: vs | H19: =IF($I$16=$K$16,CONCATENATE("Ηττημένος Αγώνα Νο",$A$16),IF($I$16<$K$16,$F$16,$H$16)) -> Ηττημένος Αγώνα Νο14 | J19: -
A20: 18 | B20: 5 | F20: =IF($I$18=$K$18,CONCATENATE("Νικητής Αγώνα Νο",$A$18),IF($I$18>$K$18,$F$18,$H$18)) -> Νικητής Αγώνα Νο16 | G20: vs | H20: =IF($I$15=$K$15,CONCATENATE("Ηττημένος Αγώνα Νο",$A$15),IF($I$15<$K$15,$F$15,$H$15)) -> Ηττημένος Αγώνα Νο13 | J20: - | P20: 1
A21: 19 | B21: Ημ. | F21: =IF($I$15=$K$15,CONCATENATE("Νικητής Αγώνα Νο",$A$15),IF($I$15>$K$15,$F$15,$H$15)) -> Νικητής Αγώνα Νο13 | G21: vs | H21: =IF($I$19=$K$19,CONCATENATE("Νικητής Αγώνα Νο",$A$19),IF($I$19>$K$19,$F$19,$H$19)) -> Νικητής Αγώνα Νο17 | J21: -
A22: 20 | B22: Ημ. | F22: =IF($I$16=$K$16,CONCATENATE("Νικητής Αγώνα Νο",$A$16),IF($I$16>$K$16,$F$16,$H$16)) -> Νικητής Αγώνα Νο14 | G22: vs | H22: =IF($I$20=$K$20,CONCATENATE("Νικητής Αγώνα Νο",$A$20),IF($I$20>$K$20,$F$20,$H$20)) -> Νικητής Αγώνα Νο18 | J22: -
A23: 21 | B23: 3-4 | F23: =IF($I$21=$K$21,CONCATENATE("Ηττημένος Αγώνα Νο",$A$21),IF($I$21<$K$21,$F$21,$H$21)) -> Ηττημένος Αγώνα Νο19 | G23: vs | H23: =IF($I$22=$K$22,CONCATENATE("Ηττημένος Αγώνα Νο",$A$22),IF($I$22<$K$22,$F$22,$H$22)) -> Ηττημένος Αγώνα Νο20
A24: 22 | B24: Τελ | F24: =IF($I$21=$K$21,CONCATENATE("Νικητής Αγώνα Νο",$A$21),IF($I$21>$K$21,$F$21,$H$21)) -> Νικητής Αγώνα Νο19 | G24: vs | H24: =IF($I$22=$K$22,CONCATENATE("Νικητής Αγώνα Νο",$A$22),IF($I$22>$K$22,$F$22,$H$22)) -> Νικητής Αγώνα Νο20 | J24: -

Sheet Ταμπλώ (12)
I3: =CONCATENATE(Αποτελεσματα!$F$11," ") -> Ηττημένος Αγώνα Νο4
H5: =CONCATENATE(Αποτελεσματα!$F$17," ") -> Νικητής Αγώνα Νο9 | I5: =CONCATENATE("",Αποτελεσματα!$A$11,"") -> 9
I6: =CONCATENATE("(",Αποτελεσματα!$I$11," : ",Αποτελεσματα!$K$11,")") -> ( : )
B7: =CONCATENATE(Αποτελεσματα!$F$7," ") -> Ομάδα Νο1 | I7: =CONCATENATE(Αποτελεσματα!$H$11," ") -> Ηττημένος Αγώνα Νο5
A9: =CONCATENATE(Αποτελεσματα!$F$3," ") -> Ομάδα Νο8 | B9: =CONCATENATE("",Αποτελεσματα!$A$7,"") -> 5 | C9: =CONCATENATE(Αποτελεσματα!$F$15," ") -> Νικητής Αγώνα Νο5 | G9: =CONCATENATE(Αποτελεσματα!$F$19," ") -> Νικητής Αγώνα Νο15 | H9: =CONCATENATE("",Αποτελεσματα!$A$17,"") -> 15
A10: =CONCATENATE("(",Αποτελεσματα!$I$3," : ",Αποτελεσματα!$K$3,")") -> ( : ) | B10: =CONCATENATE("(",Αποτελεσματα!$I$7," : ",Αποτελεσματα!$K$7,")") -> ( : )
A11: =CONCATENATE("",Αποτελεσματα!$A$3,"") -> 1 | B11: =CONCATENATE(Αποτελεσματα!$H$7," ") -> Νικητής Αγώνα Νο1 | E11: =CONCATENATE("",Αποτελεσματα!$A$21,"") -> 19 | H11: =CONCATENATE("(",Αποτελεσματα!$I$17," : ",Αποτελεσματα!$K$17,")") -> ( : ) | I11: =CONCATENATE(Αποτελεσματα!$F$12," ") -> Ηττημένος Αγώνα Νο3
A12: =CONCATENATE(Αποτελεσματα!$H$3," ") -> Ομάδα Νο9
C13: =CONCATENATE("",Αποτελεσματα!$A$15,"") -> 13 | D13: =CONCATENATE(Αποτελεσματα!$F$21," ") -> Νικητής Αγώνα Νο13 | E13: =CONCATENATE("(",Αποτελεσματα!$I$21," : ",Αποτελεσματα!$K$21,")") -> ( : ) | F13: =CONCATENATE(Αποτελεσματα!$H$21," ") -> Νικητής Αγώνα Νο17 | G13: =CONCATENATE("",Αποτελεσματα!$A$19,"") -> 17 | H13: =CONCATENATE(Αποτελεσματα!$H$17," ") -> Νικητής Αγώνα Νο10 | I13: =CONCATENATE("",Αποτελεσματα!$A$12,"") -> 10
A14: =CONCATENATE(Αποτελεσματα!$F$4," ") -> Ομάδα Νο5 | I14: =CONCATENATE("(",Αποτελεσματα!$I$12," : ",Αποτελεσματα!$K$12,")") -> ( : )
A15: =CONCATENATE("(",Αποτελεσματα!$I$4," : ",Αποτελεσματα!$K$4,")") -> ( : ) | C15: =CONCATENATE("(",Αποτελεσματα!$I$15," : ",Αποτελεσματα!$K$15,")") -> ( : ) | G15: =CONCATENATE("(",Αποτελεσματα!$I$19," : ",Αποτελεσματα!$K$19,")") -> ( : ) | I15: =CONCATENATE(Αποτελεσματα!$H$12," ") -> Ηττημένος Αγώνα Νο6
A16: =CONCATENATE("",Αποτελεσματα!$A$4,"") -> 2 | B16: =CONCATENATE(Αποτελεσματα!$H$8," ") -> Νικητής Αγώνα Νο2
A17: =CONCATENATE(Αποτελεσματα!$H$4," ") -> Ομάδα Νο12 | G17: =CONCATENATE(Αποτελεσματα!$H$19," ") -> Ηττημένος Αγώνα Νο14
B18: =CONCATENATE("",Αποτελεσματα!$A$8,"") -> 6 | C18: =CONCATENATE(Αποτελεσματα!$H$15," ") -> Νικητής Αγώνα Νο6
B19: =CONCATENATE("(",Αποτελεσματα!$K$8," : ",Αποτελεσματα!$I$8,")") -> ( : ) | E19: =CONCATENATE(Αποτελεσματα!$F$24," ") -> Νικητής Αγώνα Νο19
B20: =CONCATENATE(Αποτελεσματα!$F$8," ") -> Ομάδα Νο4
E21: Τελικός
E23: =CONCATENATE("",Αποτελεσματα!$A$24,"") -> 22 | I23: =CONCATENATE(Αποτελεσματα!$F$13," ") -> Ηττημένος Αγώνα Νο2
E25: =CONCATENATE("(",Αποτελεσματα!$I$24," : ",Αποτελεσματα!$K$24,")") -> ( : ) | H25: =CONCATENATE(Αποτελεσματα!$F$18," ") -> Νικητής Αγώνα Νο11 | I25: =CONCATENATE("",Αποτελεσματα!$A$13,"") -> 11
I26: =CONCATENATE("(",Αποτελεσματα!$I$13," : ",Αποτελεσματα!$K$13,")") -> ( : )
B27: =CONCATENATE(Αποτελεσματα!$F$9," ") -> Ομάδα Νο3 | E27: =CONCATENATE(Αποτελεσματα!$H$24," ") -> Νικητής Αγώνα Νο20 | I27: =CONCATENATE(Αποτελεσματα!$H$13," ") -> Ηττημένος Αγώνα Νο7
A29: =CONCATENATE(Αποτελεσματα!$F$5," ") -> Ομάδα Νο6 | B29: =CONCATENATE("",Αποτελεσματα!$A$9,"") -> 7 | C29: =CONCATENATE(Αποτελεσματα!$F$16," ") -> Νικητής Αγώνα Νο7 | G29: =CONCATENATE(Αποτελεσματα!$F$20," ") -> Νικητής Αγώνα Νο16 | H29: =CONCATENATE("",Αποτελεσματα!$A$18,"") -> 16
A30: =CONCATENATE("(",Αποτελεσματα!$I$5," : ",Αποτελεσματα!$K$5,")") -> ( : ) | B30: =CONCATENATE("(",Αποτελεσματα!$I$9," : ",Αποτελεσματα!$K$9,")") -> ( : )
A31: =CONCATENATE("",Αποτελεσματα!$A$5,"") -> 3 | B31: =CONCATENATE(Αποτελεσματα!$H$9," ") -> Νικητής Αγώνα Νο3 | E31: =CONCATENATE("",Αποτελεσματα!$A$22,"") -> 20 | H31: =CONCATENATE("(",Αποτελεσματα!$I$18," : ",Αποτελεσματα!$K$18,")") -> ( : ) | I31: =CONCATENATE(Αποτελεσματα!$F$14," ") -> Ηττημένος Αγώνα Νο1
A32: =CONCATENATE(Αποτελεσματα!$H$5," ") -> Ομάδα Νο11 | G32: =CONCATENATE("",Αποτελεσματα!$A$20,"") -> 18
C33: =CONCATENATE("",Αποτελεσματα!$A$16,"") -> 14 | D33: =CONCATENATE(Αποτελεσματα!$F$22," ") -> Νικητής Αγώνα Νο14 | E33: =CONCATENATE("(",Αποτελεσματα!$I$22," : ",Αποτελεσματα!$K$22,")") -> ( : ) | F33: =CONCATENATE(Αποτελεσματα!$H$22," ") -> Νικητής Αγώνα Νο18 | H33: =CONCATENATE(Αποτελεσματα!$H$18," ") -> Νικητής Αγώνα Νο12 | I33: =CONCATENATE("",Αποτελεσματα!$A$14,"") -> 12
A34: =CONCATENATE(Αποτελεσματα!$F$6," ") -> Ομάδα Νο7 | G34: =CONCATENATE("(",Αποτελεσματα!$I$20," : ",Αποτελεσματα!$K$20,")") -> ( : ) | I34: =CONCATENATE("(",Αποτελεσματα!$I$14," : ",Αποτελεσματα!$K$14,")") -> ( : )
A35: =CONCATENATE("(",Αποτελεσματα!$I$6," : ",Αποτελεσματα!$K$6,")") -> ( : ) | C35: =CONCATENATE("(",Αποτελεσματα!$I$16," : ",Αποτελεσματα!$K$16,")") -> ( : ) | I35: =CONCATENATE(Αποτελεσματα!$H$14," ") -> Ηττημένος Αγώνα Νο8
A36: =CONCATENATE("",Αποτελεσματα!$A$6,"") -> 4 | B36: =CONCATENATE(Αποτελεσματα!$H$10," ") -> Νικητής Αγώνα Νο4
A37: =CONCATENATE(Αποτελεσματα!$H$6," ") -> Ομάδα Νο10 | G37: =CONCATENATE(Αποτελεσματα!$H$20," ") -> Ηττημένος Αγώνα Νο13
B38: =CONCATENATE("",Αποτελεσματα!$A$10,"") -> 8 | C38: =CONCATENATE(Αποτελεσματα!$H$16," ") -> Νικητής Αγώνα Νο8
B39: =CONCATENATE("(",Αποτελεσματα!$K$10," : ",Αποτελεσματα!$I$10,")") -> ( : )
B40: =CONCATENATE(Αποτελεσματα!$F$10," ") -> Ομάδα Νο2

Sheet Τελική Κατάταξη
A1: ΠΑΝΕΛΛΗΝΙΟ ΠΡΩΤΑΘΛΗΜΑ ΒΕΑCH VOLLEY 20YY TOURNAMENT DD-DD MONTH ΚΑΤΑΤΑΞΗ GENDER
A2: Κατάταξη | B2: Ομάδες | C2: Βαθμοί Ομάδας | D2: Βαθμοί Αθλητή | E2: Έπαθλα Ομάδας | F2: Έπαθλα Αθλητή
A3: 1 | D3: =SUM(C3/2) -> 0
A4: 2 | D4: =SUM(C4/2) -> 0
A5: 3 | D5: =SUM(C5/2) -> 0
A6: 4 | D6: =SUM(C6/2) -> 0
A7: 5 | D7: =SUM(C7/2) -> 0
A8: 5 | D8: =SUM(C8/2) -> 0
A9: 7 | D9: =SUM(C9/2) -> 0
A10: 7 | D10: =SUM(C10/2) -> 0
A11: 9 | D11: =SUM(C11/2) -> 0
A12: 9 | D12: =SUM(C12/2) -> 0
A13: 9 | D13: =SUM(C13/2) -> 0
A14: 9 | D14: =SUM(C14/2) -> 0
